Protagonist Name,Protagonist Gender,Friend Name,Friend Gender,Story Theme,Age Group,Educational Content,Story Description,Story Length,Temperature,Story
Alex,Jordan,male,adventure,5-10,sharing,I want a story that happened in space,short,0.75," Once upon a time, in a far-off galaxy, lived Alex the astronaut and their best friend, Jordan the alien. They lived in a beautiful space station, where they would go on exciting adventures together.

One day, they discovered a new planet, full of sparkling stars and colorful galaxies. They wanted to explore it, but there was only one spaceship. Alex and Jordan knew they had to share the spaceship to go on this adventure together.

At first, Alex wanted to fly the spaceship alone, but they remembered that sharing is caring. So, they decided to take turns flying the spaceship. Alex flew the spaceship to the new planet first, and Jordan couldn't wait to explore. They saw beautiful sights, collected space samples, and even danced among the stars.

When it was Jordan's turn to fly the spaceship, they soared through the galaxies, taking in the breathtaking views. Alex was amazed by the wonders they saw, and they were grateful to have Jordan to share in the adventure.

In the end, Alex and Jordan learned that sharing is not only fun, but it also makes adventures even more special. They couldn't wait to go on their next space adventure together, sharing the joy and excitement along the way.

So, children, remember to share with your friends and family. You never know what exciting adventures await you when you do!"
Alex,male,Jordan,male,adventure,5-10,sharing,I want a story that happened in space,short,0.75," Once upon a time in space, there were two best friends, Alex and Jordan. They lived on a spaceship and explored the galaxy together. One day, they discovered a new planet full of colorful plants and animals.

As they explored, Alex found a shiny, red space helmet that he wanted to keep for himself. But Jordan really liked the helmet too and asked if he could try it on. Alex said no at first, but then he remembered how important it was to share.

Alex took a deep breath and handed the helmet to Jordan. ""Here you go, buddy,"" he said with a smile. ""You can wear it for a while.""

Jordan's face lit up with excitement. He put on the helmet and they continued to explore the planet together, taking turns using the special helmet.

Thanks to Alex's kindness and willingness to share, they both had a great time and made a new discovery: when you share with others, it makes the adventure even more fun!

From that day on, Alex and Jordan always remembered to share, no matter where their adventures took them in the galaxy. And they lived happily ever after, spreading the message of sharing and friendship throughout the universe."
Alex,female,Jordan,,,5-10,sharing,I want a story that happened in space,short,0.75," Once upon a time, in a far-off galaxy, lived a curious and adventurous little girl named Alex. Alex loved exploring the stars and planets with her best friend, Jordan, who just so happened to be a friendly purple alien!

One day, while they were playing near a twinkling star, Alex saw a beautiful, shiny spaceship. She really wanted to play with it, but it was too small for both her and Jordan. Alex felt sad and didn't know what to do.

Jordan noticed Alex's disappointment and said, ""Alex, I have an idea! Why don't we take turns playing with the spaceship? That way, we can both enjoy it and learn about sharing.""

Alex thought about Jordan's idea and agreed it was a good one. They spent the whole afternoon playing with the spaceship, taking turns and laughing together. Alex learned that sharing made both her and Jordan happy, and they had even more fun than if they had each played by themselves.

From that day on, Alex and Jordan continued to share everything, not just toys but also stories, laughter, and adventures in the magical world of space. And they lived happily, spreading the joy of friendship and sharing with everyone they met.

So, the next time you have something you really want, remember Alex and Jordan's story. Sharing can make even the most special things more enjoyable, and it brings happiness not just to you, but to the friends you share with, too!"
Alex,,Jordan,male,adventure,5-10,sharing,I want a story that happened in space,short,0.3," Once upon a time, in a far-off galaxy, lived Alex the astronaut and their best friend, Jordan the alien. They lived in a beautiful spaceship and went on exciting adventures together.

One day, they received a message from the Galactic Council that a new planet had been discovered, filled with sparkling gems and colorful crystals. But there was a catch - only one spaceship could land on the planet and claim the treasures.

Alex and Jordan looked at each other, feeling sad. They didn't want to compete against each other. That's when they had a brilliant idea! They decided to share their spaceship and explore the new planet together.

As they landed on the planet, they were amazed by the beauty around them. They filled their spaceship with gems and crystals, but most importantly, they had the best adventure ever.

When they returned to their galaxy, the Galactic Council was impressed by their teamwork and decision to share. From that day on, all spaceships were allowed to land on the new planet, and Alex and Jordan became role models for sharing and cooperation in the galaxy.

Children, remember, sharing is a wonderful thing to do. It can bring happiness to you and those around you. So, always try to share, just like Alex and Jordan did in space!"
Alex,male,Jordan,male,adventure,5-10,sharing,I want a story that happened in space,short,0.3," Once upon a time in space, there were two best friends, Alex and Jordan. They lived on a spaceship and explored the galaxy together. One day, they discovered a new planet filled with sparkling stars and colorful clouds.

Excitedly, they landed their spaceship and ran out to explore. They found a huge box full of twinkling star wands. Alex and Jordan each took one and started playing, creating beautiful patterns in the sky.

Suddenly, they realized that there were only ten wands in the box, and they had each taken one. They looked at each other and knew they had to share. Alex gave his wand to Jordan, and Jordan gave his wand to Alex. They took turns waving their wands, creating even more beautiful patterns in the sky.

As they watched the stars dance, they realized that sharing made them even happier than having their own wand. They learned that sharing is not just about being fair, but it also brings joy to both the giver and the receiver.

From that day on, Alex and Jordan always remembered to share, no matter where their adventures took them in the galaxy. And they lived happily ever after, spreading the message of sharing and kindness throughout the universe.

The end.

Educational Element: This story teaches the importance of sharing. Alex and Jordan learned that sharing brings happiness and joy to both people involved. This is an essential lesson for children to learn, as sharing can help build positive relationships and foster a sense of community."
Alex,female,Jordan,,,5-10,sharing,I want a story that happened in space,short,0.3," Once upon a time, in a far-off galaxy, lived a curious and adventurous girl named Alex. Alex loved exploring the universe and making new friends. One of her best friends was Jordan, an alien from the planet Zog.

One day, Alex and Jordan decided to go on a space adventure together. They flew their spaceship to a distant asteroid belt and started exploring. Suddenly, they saw a beautiful, shiny rock that they both wanted to keep as a souvenir.

Alex and Jordan both reached for the rock at the same time, and their hands collided. They looked at each other and realized that they both wanted the same thing. Alex had an idea.

""Jordan, why don't we share the rock? We can each have a turn holding it and then give it back,"" she suggested.

Jordan thought about it for a moment and then agreed. They took turns holding the rock and examining it. They talked about its color, shape, and texture. They even took turns taking pictures of it with their spaceship's camera.

In the end, Alex and Jordan decided to leave the rock on the asteroid as a reminder of their shared adventure. They flew back to their spaceship, happy and satisfied, knowing that they had learned the importance of sharing.

From that day on, Alex and Jordan always remembered to share everything they had, whether it was a shiny rock from an asteroid belt or a delicious snack from their spaceship's kitchen. And they lived happily ever after, exploring the wonders of the universe together.

The end.

Moral of the story: Sharing is caring, and it can make any adventure even more fun!"
Alex,,Jordan,male,adventure,5-10,sharing,I want a story that happened in space,short,0.2," Once upon a time, in a galaxy far, far away, lived Alex the astronaut and their best friend, Jordan the alien. They lived in a beautiful spaceship and went on exciting adventures together.

One day, they received a message from the Space Council that a new planet had been discovered, full of sparkling stars and colorful crystals. But, the council said that only those who knew how to share could visit the new planet.

Alex and Jordan were excited to visit the new planet, but they didn't know how to share. They asked the Space Council for help, and they suggested that they practice sharing with each other.

At first, Alex and Jordan found it hard to share. They both wanted to be the one to press the buttons on the spaceship and explore the new planet. But, they remembered the Space Council's words and decided to give it a try.

Alex shared their favorite space snacks with Jordan, and Jordan shared their cool space gadgets with Alex. They took turns flying the spaceship and exploring the new planet. They discovered that sharing made them feel happy and closer to each other.

In the end, Alex and Jordan received a certificate from the Space Council, allowing them to visit the new planet. They were thrilled and couldn't wait to explore more of the universe, sharing everything they had with their new friends.

From that day on, Alex and Jordan always remembered to share, and they lived happily ever after, exploring the wonders of space together.

So, children, remember to share with your friends and family. It makes everyone happy and brings us closer together. Happy reading!"
Alex,male,Jordan,male,adventure,5-10,sharing,I want a story that happened in space,short,0.2," Once upon a time, in a galaxy far, far away, lived two best friends, Alex and Jordan. They were astronauts who explored the universe in their spaceship, the Star Explorer.

One day, they received a message from the Galactic Council that a new planet, Planet Z, had been discovered, but it was uninhabitable because it had no toys or games. The Council asked Alex and Jordan to deliver some toys and games to the planet to make it a fun place for all.

Alex and Jordan were excited about the mission and filled the Star Explorer with toys and games. As they approached Planet Z, they saw that it was a beautiful planet with colorful skies and fluffy clouds. They landed the Star Explorer and started unloading the toys and games.

Suddenly, they heard a voice. ""Hey, can I play too?"" It was a little alien creature who had never played with toys before. Alex and Jordan looked at each other and smiled. They realized that they had brought too many toys for just one alien.

Alex turned to Jordan and said, ""We should share the toys with the alien."" Jordan agreed, and they divided the toys and games equally among themselves. The alien was thrilled and thanked Alex and Jordan for their kindness.

From that day on, Planet Z became a fun place for all, and Alex and Jordan learned the importance of sharing. They returned to their galaxy with happy hearts, knowing that they had made a difference in the universe.

The end.

Children's Learning: Sharing is a good habit, and it makes everyone happy."
Alex,female,Jordan,,,5-10,sharing,I want a story that happened in space,short,0.2," Once upon a time, in a far-off galaxy, lived a curious and adventurous girl named Alex. Alex loved exploring the universe and making new friends. One of her best friends was Jordan, an alien from the planet Zog.

One day, Alex and Jordan went on a space adventure to a new planet. They were so excited to explore that they each brought their favorite toys, but there was only one spaceship to play in.

Alex wanted to play with her spaceship all by herself, but Jordan also wanted to play. Alex realized that if she didn't share, Jordan would be sad and they wouldn't have as much fun.

So, Alex took a deep breath and said, ""Jordan, why don't we share the spaceship and take turns playing with it?""

Jordan was thrilled and thanked Alex for being so kind. They spent the whole day taking turns and having a blast. They learned that sharing is not only fun but also makes others happy.

From that day on, Alex and Jordan always remembered to share, whether they were in space or back on their home planets. And they lived happily, exploring the universe together.

The end.

Moral of the story: Sharing is fun and makes others happy."
Alex,,Jordan,male,adventure,5-10,sharing,I want a story that happened in space,short,0.1," Once upon a time, in a galaxy far, far away, lived Alex the astronaut and their best friend, Jordan the alien. They lived in a beautiful spaceship and went on exciting adventures together.

One day, they received a message from the Space Council that a new planet had been discovered, full of sparkling stars and colorful crystals. Alex and Jordan couldn't wait to explore it!

As they landed on the planet, they saw that it was even more beautiful than they had imagined. They started collecting the stars and crystals, but there were so many that they both wanted to keep them all.

Alex and Jordan started arguing about who had more stars and crystals. They both wanted to keep them all for themselves and didn't want to share.

Suddenly, they heard a voice. It was the Wise Old Star, who had been watching them. The Wise Old Star said, ""Why are you fighting? There are plenty of stars and crystals for both of you. Sharing will make you both happy.""

Alex and Jordan looked at each other and realized that the Wise Old Star was right. They decided to share the stars and crystals equally, and they both felt happy and content.

From that day on, Alex and Jordan always remembered to share, no matter where their adventures took them. And they lived happily ever after, exploring the wonders of the universe together.

The end.

Educational Element: Sharing is an important value to learn, even in space. When we share, we make sure that everyone gets a fair share, and we all feel happy and content."
Alex,male,Jordan,male,adventure,5-10,sharing,I want a story that happened in space,short,0.1," Once upon a time in space, there were two best friends, Alex and Jordan. They lived on a spaceship and explored the galaxy together. One day, they discovered a new planet filled with sparkling stars and colorful clouds.

Excitedly, they landed their spaceship and ran out to explore. They found a huge box filled with stars, and they both wanted to hold it. But the box was too heavy for one person to lift.

Alex and Jordan looked at each other and realized they needed to work together to lift the box. They each grabbed an end and lifted with all their might. With a grunt, they lifted the box and carried it back to their spaceship.

As they looked at the stars they had collected, they realized that sharing the experience of discovery was even better than having the stars themselves. From that day on, they always shared everything they found on their adventures, knowing that sharing made their friendship stronger.

And so, Alex and Jordan continued their adventures in space, always remembering the importance of sharing and working together. And they lived happily ever after, exploring the wonders of the universe.

The end.

Educational Element: This story teaches the importance of sharing. Alex and Jordan wanted the same thing, but they couldn't get it alone. When they worked together and shared the experience, they were both happy. This story shows children that sharing can lead to greater happiness and stronger relationships."
Alex,female,Jordan,,,5-10,sharing,I want a story that happened in space,short,0.1," Once upon a time, in a far-off galaxy, lived a curious and adventurous girl named Alex. Alex loved exploring the universe and making new friends. One of her best friends was Jordan, an alien from the planet Zog.

One day, Alex and Jordan went on a space adventure to explore a new planet. They took a spaceship and flew for hours until they reached a beautiful planet with colorful skies and talking animals.

The animals on the planet were very friendly, but they had a problem. They had only one ball to play with, and they couldn't decide who should play with it first. Alex and Jordan saw the animals' dilemma and decided to help.

Alex and Jordan shared their ideas and came up with a solution. They suggested that the animals take turns playing with the ball. The animals were delighted with the idea and thanked Alex and Jordan for their help.

From that day on, the animals learned the importance of sharing and always remembered to take turns playing with the ball. Alex and Jordan felt proud of themselves for helping their new friends and continued their space adventures, spreading the message of sharing wherever they went.

And so, children, remember to share with your friends and siblings. Sharing is a wonderful act of kindness that brings people closer together."
Alex,,Jordan,male,adventure,5-10,sharing,I want a story that happened in space,short,0.0," Once upon a time, in a galaxy far, far away, lived Alex the astronaut and their best friend, Jordan the alien. They lived in a beautiful spaceship and went on exciting adventures together.

One day, they received a message from the Space Council that a new planet had been discovered, full of sparkling stars and colorful crystals. Alex and Jordan couldn't wait to explore it!

As they landed on the planet, they saw that it was even more beautiful than they had imagined. They started collecting the shiny stars and crystals, but there were so many that they both wanted to take some home.

Alex and Jordan started arguing about who had more stars and crystals. They forgot all about their friendship and the adventure they were on.

Suddenly, they heard a voice. It was the Spirit of the Planet, who said, ""Why are you fighting? There are enough stars and crystals for everyone. You can share them and make each other happy.""

Alex and Jordan looked at each other and realized that the Spirit was right. They started sharing the stars and crystals, taking turns and making sure each one had an equal amount.

In the end, they had so much fun sharing that they forgot about who had more. They returned to their spaceship with big smiles on their faces, knowing that they had learned a valuable lesson about sharing and friendship.

And so, Alex and Jordan continued their adventures in space, always remembering to share and be kind to each other. And they lived happily ever after.

The end.

Note: This story teaches children the importance of sharing and being kind to others. It also encourages cooperation and understanding, which are essential skills for building strong friendships."
Alex,male,Jordan,male,adventure,5-10,sharing,I want a story that happened in space,short,0.0," Once upon a time, in a galaxy far, far away, lived two best friends, Alex and Jordan. They were astronauts who explored the universe in their spaceship, the Star Explorer.

One day, they received a message from the Galactic Council that a new planet, Planet Z, had been discovered, but it was uninhabitable because it had no toys or games. The Council asked Alex and Jordan to deliver some toys and games to the planet to make it a fun place for all.

Alex and Jordan were excited about the mission and filled the Star Explorer with toys and games. As they approached Planet Z, they saw that it was a beautiful place with green grass, blue skies, and colorful flowers. But they also noticed that there were no children playing or having fun.

Alex and Jordan beamed down to the planet and started setting up the toys and games. Soon, they heard a group of children approaching. The children were amazed by the toys and games and started playing with them.

However, the children started arguing about who would play with which toy. Alex and Jordan knew they had to teach the children about sharing. They gathered the children and explained the importance of sharing and taking turns.

The children listened and started sharing the toys and games. They took turns playing with each toy and had a great time together. Alex and Jordan were happy to see the children having fun and learning about sharing.

The Galactic Council was pleased with the mission's success and thanked Alex and Jordan for their hard work. From that day on, Planet Z became a fun and happy place for all, thanks to Alex, Jordan, and the power of sharing.

The end."
Alex,female,Jordan,,,5-10,sharing,I want a story that happened in space,short,0.0," Once upon a time, in a far-off galaxy, lived a curious and adventurous girl named Alex. Alex loved exploring the universe and making new friends. One of her best friends was Jordan, an alien from the planet Zog.

One day, Alex and Jordan went on a space adventure to explore a new planet. They took a spaceship and flew for hours until they reached a beautiful planet with colorful skies and talking animals.

The animals on the planet had never seen anyone like Alex and Jordan before, and they were all very curious. They came up to Alex and Jordan and asked them to play games and share stories.

Alex and Jordan were happy to oblige, but they soon realized that there were not enough toys and games for everyone to play with. The animals started to get upset and argued about who should get to play with what.

Alex and Jordan knew that they had to do something to help the animals get along. They remembered a lesson they had learned back on Earth about sharing. They explained to the animals that sharing meant taking turns and being kind to one another.

The animals listened to Alex and Jordan and decided to give it a try. They shared their toys and games and took turns playing. Everyone was having so much fun that they didn't even notice that the day had turned into night.

From that day on, the animals on the planet learned the importance of sharing, and Alex and Jordan became their heroes. They returned to their spaceship with happy hearts and full of joy, knowing that they had made a difference in the lives of the animals they had met.

And so, Alex and Jordan continued their space adventures, spreading the message of sharing and kindness wherever they went."
